,Age,BusinessTravel,DailyRate,Department,DistanceFromHome,Education,EducationField,EnvironmentSatisfaction,Gender,HourlyRate,JobInvolvement,JobLevel,JobRole,JobSatisfaction,MaritalStatus,MonthlyIncome,MonthlyRate,NumCompaniesWorked,OverTime,PercentSalaryHike,PerformanceRating,RelationshipSatisfaction,StockOptionLevel,TotalWorkingYears,TrainingTimesLastYear,WorkLifeBalance,YearsAtCompany,YearsInCurrentRole,YearsSinceLastPromotion,YearsWithCurrManager,PredictWillLeave,AttritionScore%
0,41,Travel_Rarely,1102,Sales,1,2,Life Sciences,2,Female,94,3,2,Sales Executive,4,Single,5993,19479,8,Yes,11,3,1,0,8,0,1,6,4,0,5,1,92
1,49,Travel_Frequently,279,Research & Development,8,1,Life Sciences,3,Male,61,2,2,Research Scientist,2,Married,5130,24907,1,No,23,4,4,1,10,3,3,10,7,1,7,0,12
2,27,Travel_Rarely,591,Research & Development,2,1,Medical,1,Male,40,3,1,Laboratory Technician,2,Married,3468,16632,9,No,12,3,4,1,6,3,3,2,2,2,2,1,67
3,32,Travel_Frequently,1005,Research & Development,2,2,Life Sciences,4,Male,79,3,1,Laboratory Technician,4,Single,3068,11864,0,No,13,3,3,0,8,2,2,7,7,3,6,0,22
4,29,Travel_Rarely,1389,Research & Development,21,4,Life Sciences,2,Female,51,4,3,Manufacturing Director,1,Divorced,9980,10195,1,No,11,3,3,1,10,1,3,10,9,8,8,0,8
5,22,Non-Travel,1123,Research & Development,16,2,Medical,4,Male,96,4,1,Laboratory Technician,4,Divorced,2935,7324,1,Yes,13,3,2,2,1,2,2,1,0,0,0,0,18
6,46,Travel_Rarely,705,Sales,2,4,Marketing,2,Female,83,3,5,Manager,1,Single,18947,22822,3,No,12,3,4,0,22,2,2,2,2,2,1,0,23
7,44,Travel_Rarely,1459,Research & Development,10,4,Other,4,Male,41,3,2,Healthcare Representative,4,Married,6465,19121,2,Yes,13,3,4,0,9,5,4,4,2,1,3,0,5
8,24,Travel_Rarely,813,Research & Development,1,3,Medical,2,Male,61,3,1,Research Scientist,4,Married,2293,3020,2,Yes,16,3,1,1,6,2,2,2,0,2,0,1,77
9,35,Travel_Rarely,890,Sales,2,3,Marketing,4,Female,97,3,1,Sales Representative,4,Married,2014,9687,1,No,13,3,1,0,2,3,3,2,2,2,2,0,43
10,28,Travel_Rarely,1434,Research & Development,5,4,Technical Degree,3,Male,50,3,1,Laboratory Technician,3,Single,3441,11179,1,Yes,13,3,3,0,2,3,2,2,2,2,2,1,87
11,35,Travel_Rarely,1142,Research & Development,23,4,Medical,3,Female,30,3,1,Laboratory Technician,1,Married,4014,16002,3,Yes,15,3,3,1,4,3,3,2,2,2,2,1,76
12,31,Travel_Rarely,655,Research & Development,7,4,Life Sciences,4,Male,48,3,2,Laboratory Technician,4,Divorced,5915,9528,3,No,22,4,4,1,10,3,2,7,7,1,7,0,1
13,36,Travel_Rarely,1223,Research & Development,8,3,Technical Degree,3,Female,59,3,3,Healthcare Representative,3,Divorced,10096,8202,1,No,13,3,2,3,17,2,3,17,14,12,8,0,7
14,36,Travel_Frequently,1195,Research & Development,11,3,Life Sciences,2,Male,95,2,2,Manufacturing Director,2,Single,6499,22656,1,No,13,3,3,0,6,3,3,6,5,0,3,1,57
15,45,Travel_Rarely,1339,Research & Development,7,3,Life Sciences,2,Male,59,3,3,Research Scientist,1,Divorced,9724,18787,2,No,17,3,3,1,25,2,3,1,0,0,0,0,4
16,31,Travel_Rarely,746,Research & Development,8,4,Life Sciences,3,Female,61,3,2,Manufacturing Director,4,Single,4424,20682,1,No,23,4,4,0,11,2,3,11,7,1,8,0,2
17,30,Travel_Rarely,852,Research & Development,1,1,Life Sciences,4,Male,55,2,2,Laboratory Technician,4,Married,5126,15998,1,Yes,12,3,3,2,10,1,2,10,8,3,0,1,65
18,34,Travel_Rarely,1153,Research & Development,1,2,Medical,1,Male,94,3,2,Manufacturing Director,2,Married,4325,17736,1,No,15,3,3,0,5,2,3,5,2,1,3,0,42
19,23,Travel_Rarely,541,Sales,2,1,Technical Degree,3,Male,62,3,1,Sales Representative,1,Divorced,2322,9518,3,No,13,3,3,1,3,3,3,0,0,0,0,1,74
20,51,Travel_Rarely,432,Research & Development,9,4,Life Sciences,4,Male,96,3,1,Laboratory Technician,4,Married,2075,18725,3,No,23,4,2,2,10,4,3,4,2,0,3,0,6
21,40,Travel_Frequently,530,Research & Development,1,4,Life Sciences,3,Male,78,2,4,Healthcare Representative,2,Married,13503,14115,1,No,22,4,4,1,22,3,2,22,3,11,11,0,38
22,32,Travel_Rarely,1093,Sales,6,4,Medical,2,Male,87,3,2,Sales Executive,3,Single,5010,24301,1,No,16,3,1,0,12,0,3,11,8,5,7,1,67
23,20,Travel_Frequently,871,Research & Development,6,3,Life Sciences,4,Female,66,2,1,Laboratory Technician,4,Single,2926,19783,1,Yes,18,3,2,0,1,5,3,1,0,1,0,1,78
24,50,Travel_Frequently,1115,Research & Development,1,3,Life Sciences,1,Female,73,3,5,Research Director,2,Married,18172,9755,3,Yes,19,3,1,0,28,1,2,8,3,0,7,0,36
25,25,Travel_Rarely,240,Sales,5,3,Marketing,3,Male,46,2,2,Sales Executive,3,Single,5744,26959,1,Yes,11,3,4,0,6,1,3,6,4,0,3,1,85
26,51,Travel_Frequently,1456,Research & Development,1,4,Medical,1,Female,30,2,3,Healthcare Representative,1,Single,7484,25796,3,No,20,4,3,0,23,1,2,13,12,12,8,1,80
27,30,Travel_Frequently,1312,Research & Development,23,3,Life Sciences,1,Male,96,1,1,Research Scientist,3,Divorced,2613,22310,1,No,25,4,3,3,10,2,2,10,7,0,9,0,22
28,56,Travel_Rarely,441,Research & Development,14,4,Life Sciences,2,Female,72,3,1,Research Scientist,2,Married,4963,4510,9,Yes,18,3,1,3,7,2,3,5,4,4,3,1,79
29,26,Travel_Rarely,841,Research & Development,6,3,Other,3,Female,46,2,1,Research Scientist,2,Married,2368,23300,1,No,19,3,3,0,5,3,2,5,4,4,3,0,16
30,58,Travel_Rarely,147,Research & Development,23,4,Medical,4,Female,94,3,3,Healthcare Representative,4,Married,10312,3465,1,No,12,3,4,1,40,3,2,40,10,15,6,0,33
31,19,Travel_Rarely,528,Sales,22,1,Marketing,4,Male,50,3,1,Sales Representative,3,Single,1675,26820,1,Yes,19,3,4,0,0,2,2,0,0,0,0,1,94
32,49,Travel_Rarely,470,Research & Development,20,4,Medical,3,Female,96,3,2,Manufacturing Director,1,Married,6567,5549,1,No,14,3,3,0,16,2,2,15,11,5,11,0,13
33,51,Travel_Frequently,1150,Research & Development,8,4,Life Sciences,1,Male,53,1,3,Manufacturing Director,4,Single,10650,25150,2,No,15,3,4,0,18,2,3,4,2,0,3,0,42
34,25,Travel_Rarely,959,Sales,28,3,Life Sciences,1,Male,41,2,2,Sales Executive,3,Married,8639,24835,2,No,18,3,4,0,6,3,3,2,2,2,2,0,48
35,32,Travel_Frequently,689,Sales,9,2,Medical,4,Male,35,1,2,Sales Executive,4,Divorced,4668,22812,0,No,17,3,4,3,9,2,4,8,7,0,7,0,4
36,30,Travel_Rarely,1427,Research & Development,2,1,Medical,2,Male,35,2,1,Laboratory Technician,4,Single,2720,11162,0,No,13,3,4,0,6,3,3,5,3,1,2,0,32
37,53,Travel_Rarely,1436,Sales,6,2,Marketing,2,Male,34,3,2,Sales Representative,3,Married,2306,16047,2,Yes,20,4,4,1,13,3,1,7,7,4,5,1,79
38,22,Travel_Rarely,1256,Research & Development,19,1,Medical,3,Male,80,3,1,Research Scientist,4,Married,2323,11992,1,No,24,4,1,2,2,6,3,2,2,2,2,0,6
39,28,Travel_Rarely,440,Research & Development,21,3,Medical,3,Male,42,3,1,Research Scientist,4,Married,2713,6672,1,No,11,3,3,1,5,2,1,5,2,0,2,0,21
40,27,Non-Travel,1450,Research & Development,3,3,Medical,3,Male,79,2,1,Research Scientist,3,Divorced,2566,25326,1,Yes,15,3,4,1,1,2,2,1,1,0,1,0,18
41,50,Travel_Rarely,1452,Research & Development,11,3,Life Sciences,3,Female,53,3,5,Manager,2,Single,19926,17053,3,No,15,3,2,0,21,5,3,5,4,4,4,0,2
42,41,Travel_Rarely,465,Research & Development,14,3,Life Sciences,1,Male,56,3,1,Research Scientist,3,Divorced,2451,4609,4,No,12,3,1,1,13,2,3,9,8,1,8,0,15
43,34,Travel_Rarely,629,Research & Development,27,2,Medical,4,Female,95,3,1,Research Scientist,2,Single,2311,5711,2,No,15,3,4,0,9,3,3,3,2,1,2,0,15
44,43,Non-Travel,1344,Research & Development,7,3,Medical,4,Male,37,4,1,Research Scientist,4,Divorced,2089,5228,4,No,14,3,4,3,7,3,4,5,4,2,2,0,0
45,45,Non-Travel,1195,Research & Development,2,2,Medical,1,Male,65,2,4,Manager,4,Married,16792,20462,9,No,23,4,4,1,22,1,3,20,8,11,8,0,23
46,37,Travel_Rarely,290,Research & Development,21,3,Life Sciences,2,Male,65,4,1,Research Scientist,1,Married,3564,22977,1,Yes,12,3,1,1,8,3,2,8,7,1,7,1,62
47,42,Non-Travel,926,Research & Development,21,2,Medical,3,Female,36,3,2,Manufacturing Director,3,Divorced,5265,16439,2,No,16,3,2,1,11,5,3,5,3,0,2,0,0
48,38,Travel_Rarely,1261,Research & Development,2,4,Life Sciences,4,Male,88,3,2,Manufacturing Director,3,Married,6553,7259,9,No,14,3,2,0,14,3,3,1,0,0,0,0,13
49,27,Travel_Frequently,472,Research & Development,1,1,Technical Degree,3,Male,60,2,2,Manufacturing Director,1,Married,4298,9679,5,No,19,3,3,1,6,1,3,2,2,2,0,1,86
50,29,Travel_Rarely,121,Sales,27,3,Marketing,2,Female,35,3,3,Sales Executive,4,Married,7639,24525,1,No,22,4,4,3,10,3,2,10,4,1,9,0,4
51,30,Non-Travel,829,Research & Development,1,1,Life Sciences,3,Male,88,2,3,Manufacturing Director,3,Single,8474,20925,1,No,22,4,3,0,12,2,3,11,8,5,8,0,5
52,51,Travel_Rarely,1469,Research & Development,8,4,Life Sciences,2,Male,81,2,3,Research Director,2,Married,12490,15736,5,No,16,3,4,2,16,5,1,10,9,4,7,0,3
53,30,Travel_Rarely,1005,Research & Development,3,3,Technical Degree,4,Female,88,3,1,Research Scientist,1,Single,2657,8556,5,Yes,11,3,3,0,8,5,3,5,2,0,4,1,59
54,30,Travel_Frequently,334,Sales,26,4,Marketing,3,Female,52,2,2,Sales Executive,1,Single,6696,22967,5,No,15,3,3,0,9,5,2,6,3,0,1,1,81
55,29,Travel_Rarely,992,Research & Development,1,3,Technical Degree,3,Male,85,3,1,Research Scientist,3,Single,2058,19757,0,No,14,3,4,0,7,1,2,6,2,1,5,0,30
56,45,Non-Travel,1052,Sales,6,3,Medical,4,Female,57,2,3,Sales Executive,4,Single,8865,16840,6,No,12,3,4,0,23,2,3,19,7,12,8,0,18
57,36,Travel_Rarely,1396,Research & Development,5,2,Life Sciences,4,Male,62,3,2,Laboratory Technician,2,Single,5914,9945,8,No,16,3,4,0,16,3,4,13,11,3,7,0,10
58,59,Travel_Rarely,142,Research & Development,3,3,Life Sciences,3,Male,70,2,1,Research Scientist,4,Married,2177,8456,3,No,17,3,1,1,7,6,3,1,0,0,0,0,11
59,29,Travel_Frequently,1413,Sales,1,1,Medical,2,Female,42,3,3,Sales Executive,4,Married,7918,6599,1,No,14,3,4,1,11,5,3,11,10,4,1,0,8
60,52,Travel_Rarely,1323,Research & Development,2,3,Life Sciences,3,Female,89,2,1,Laboratory Technician,4,Single,3212,3300,7,No,15,3,2,0,6,3,2,2,2,2,2,0,48
61,42,Travel_Rarely,532,Research & Development,4,2,Technical Degree,3,Male,58,3,5,Manager,4,Married,19232,4933,1,No,11,3,4,0,22,3,3,22,17,11,15,0,2
62,50,Travel_Rarely,854,Sales,1,4,Medical,4,Female,68,3,5,Manager,4,Divorced,19517,24118,3,No,11,3,3,1,32,3,2,7,0,0,6,0,0
63,43,Travel_Rarely,1034,Sales,16,3,Marketing,4,Female,80,3,4,Manager,4,Married,16064,7744,5,Yes,22,4,3,1,22,3,3,17,13,1,9,0,4
64,32,Non-Travel,976,Sales,26,4,Marketing,3,Male,100,3,2,Sales Executive,4,Married,4465,12069,0,No,18,3,1,0,4,2,3,3,2,2,2,0,21
65,45,Travel_Rarely,252,Research & Development,1,3,Other,3,Male,70,4,5,Manager,4,Married,19202,15970,0,No,11,3,3,1,25,2,3,24,0,1,7,0,2
66,45,Travel_Frequently,1199,Research & Development,7,4,Life Sciences,1,Male,77,4,2,Manufacturing Director,3,Married,6434,5118,4,No,17,3,4,1,9,1,3,3,2,0,2,0,20
67,37,Travel_Frequently,504,Research & Development,10,3,Medical,1,Male,61,3,3,Manufacturing Director,3,Divorced,10048,22573,6,No,11,3,2,2,17,5,3,1,0,0,0,0,24
68,51,Travel_Rarely,833,Research & Development,1,3,Life Sciences,3,Male,96,3,1,Research Scientist,4,Married,2723,23231,1,No,11,3,2,0,1,0,2,1,0,0,0,0,35
69,28,Travel_Rarely,529,Research & Development,2,4,Life Sciences,1,Male,79,3,1,Laboratory Technician,3,Single,3485,14935,2,No,11,3,3,0,5,5,1,0,0,0,0,1,57
70,35,Travel_Rarely,1315,Research & Development,22,3,Life Sciences,2,Female,71,4,3,Manager,2,Divorced,11996,19100,7,No,18,3,2,1,10,6,2,7,7,6,2,0,7
71,53,Travel_Rarely,1070,Research & Development,3,4,Medical,3,Male,45,3,4,Research Director,3,Married,17584,21016,3,Yes,16,3,4,3,21,5,2,5,3,1,3,0,1
72,26,Travel_Rarely,1449,Research & Development,16,4,Medical,1,Male,45,3,1,Laboratory Technician,2,Divorced,2373,14180,2,Yes,13,3,4,1,5,2,3,3,2,0,2,1,77
73,36,Travel_Rarely,506,Research & Development,3,3,Technical Degree,3,Male,30,3,2,Research Scientist,2,Single,4485,26285,4,No,12,3,4,0,10,2,3,8,0,7,7,1,63
74,31,Travel_Frequently,444,Sales,5,3,Marketing,4,Female,84,3,1,Sales Representative,2,Divorced,2789,3909,1,No,11,3,3,1,2,5,2,2,2,2,2,0,39
75,18,Travel_Rarely,230,Research & Development,3,3,Life Sciences,3,Male,54,3,1,Laboratory Technician,3,Single,1420,25233,1,No,13,3,3,0,0,2,3,0,0,0,0,1,53
76,18,Travel_Rarely,812,Sales,10,3,Medical,4,Female,69,2,1,Sales Representative,3,Single,1200,9724,1,No,12,3,1,0,0,2,3,0,0,0,0,1,85
77,31,Travel_Rarely,218,Sales,7,3,Technical Degree,2,Male,100,4,2,Sales Executive,4,Married,6929,12241,4,No,11,3,2,1,10,3,2,8,7,7,7,0,47
78,31,Travel_Rarely,192,Research & Development,2,4,Life Sciences,3,Male,32,3,1,Research Scientist,4,Divorced,2695,7747,0,Yes,18,3,2,1,3,2,1,2,2,2,2,0,31
79,39,Travel_Rarely,117,Research & Development,10,1,Medical,3,Male,99,3,4,Manager,1,Married,17068,5355,1,Yes,14,3,4,0,21,3,3,21,9,11,10,1,62
80,32,Travel_Rarely,588,Sales,8,2,Technical Degree,3,Female,65,2,2,Sales Executive,2,Married,5228,24624,1,Yes,11,3,4,0,13,2,3,13,12,11,9,1,89
81,31,Travel_Rarely,691,Sales,7,3,Marketing,4,Male,73,3,2,Sales Executive,4,Divorced,7547,7143,4,No,12,3,4,3,13,3,3,7,7,1,7,0,0
82,39,Travel_Frequently,672,Research & Development,7,2,Medical,3,Male,54,2,5,Manager,4,Married,19272,21141,1,No,15,3,1,1,21,2,3,21,9,13,3,1,70
83,43,Travel_Frequently,559,Research & Development,10,4,Life Sciences,3,Female,82,2,2,Laboratory Technician,3,Divorced,5257,6227,1,No,11,3,2,1,9,3,4,9,7,0,0,0,30
84,43,Travel_Rarely,1001,Research & Development,7,3,Life Sciences,3,Female,43,3,3,Healthcare Representative,1,Married,9985,9262,8,No,16,3,1,1,10,1,2,1,0,0,0,0,37
85,31,Travel_Rarely,1232,Research & Development,7,4,Medical,3,Female,39,3,3,Manufacturing Director,4,Single,7143,25713,1,Yes,14,3,3,0,11,2,2,11,9,4,10,0,23
86,29,Travel_Rarely,144,Sales,10,1,Marketing,4,Female,39,2,2,Sales Executive,2,Divorced,8268,11866,1,Yes,14,3,1,2,7,2,3,7,7,1,7,0,32
87,35,Travel_Rarely,1296,Research & Development,5,4,Technical Degree,3,Male,62,3,3,Manufacturing Director,2,Single,8095,18264,0,No,13,3,4,0,17,5,3,16,6,0,13,0,3
88,23,Travel_Rarely,1309,Research & Development,26,1,Life Sciences,3,Male,83,3,1,Research Scientist,4,Divorced,2904,16092,1,No,12,3,3,2,4,2,2,4,2,0,2,0,7
89,47,Travel_Frequently,1309,Sales,4,1,Medical,2,Male,99,3,2,Sales Representative,3,Single,2976,25751,3,No,19,3,1,0,5,3,3,0,0,0,0,1,92
90,30,Non-Travel,641,Sales,25,2,Technical Degree,4,Female,85,3,2,Sales Executive,3,Married,4736,6069,7,Yes,12,3,2,1,4,2,4,2,2,2,2,1,72
91,57,Travel_Rarely,593,Research & Development,1,4,Medical,4,Male,88,3,2,Healthcare Representative,3,Married,6755,2967,2,No,11,3,3,0,15,2,3,3,2,1,2,0,7
92,40,Travel_Rarely,1171,Research & Development,10,4,Life Sciences,4,Female,46,4,1,Laboratory Technician,3,Married,2213,22495,3,Yes,13,3,3,1,10,3,3,7,7,1,7,0,10
93,37,Travel_Rarely,921,Research & Development,10,3,Medical,3,Female,98,3,1,Laboratory Technician,1,Married,3452,17663,6,No,20,4,2,1,17,3,3,5,4,0,3,0,27
94,46,Non-Travel,1144,Research & Development,7,4,Medical,3,Female,30,3,2,Manufacturing Director,3,Married,5258,16044,2,No,14,3,3,0,7,2,4,1,0,0,0,0,2
95,31,Travel_Rarely,408,Research & Development,9,4,Life Sciences,3,Male,42,2,1,Research Scientist,2,Single,2657,7551,0,Yes,16,3,4,0,3,5,3,2,2,2,2,1,55
96,35,Travel_Rarely,755,Research & Development,9,4,Life Sciences,3,Male,97,2,2,Healthcare Representative,2,Single,6540,19394,9,No,19,3,3,0,10,5,3,1,1,0,0,0,39
97,55,Travel_Rarely,1311,Research & Development,2,3,Life Sciences,3,Female,97,3,4,Manager,4,Single,16659,23258,2,Yes,13,3,3,0,30,2,3,5,4,1,2,0,8
98,24,Travel_Rarely,1371,Sales,10,4,Marketing,4,Female,77,3,2,Sales Executive,3,Divorced,4260,5915,1,Yes,12,3,4,1,5,2,4,5,2,0,3,0,17
99,26,Travel_Frequently,575,Research & Development,3,1,Technical Degree,3,Male,73,3,1,Research Scientist,1,Single,3102,6582,0,No,22,4,3,0,7,2,3,6,4,0,4,1,52
100,36,Travel_Rarely,164,Sales,2,2,Medical,2,Male,61,2,3,Sales Executive,3,Married,7596,3809,1,No,13,3,2,2,10,2,3,10,9,9,0,1,74
101,30,Travel_Frequently,464,Research & Development,4,3,Technical Degree,3,Male,40,3,1,Research Scientist,4,Single,2285,3427,9,Yes,23,4,3,0,3,4,3,1,0,0,0,1,90
102,37,Travel_Rarely,1107,Research & Development,14,3,Life Sciences,4,Female,95,3,1,Laboratory Technician,1,Divorced,3034,26914,1,No,12,3,3,1,18,2,2,18,7,12,17,0,14
103,54,Travel_Rarely,821,Research & Development,5,2,Medical,1,Male,86,3,5,Research Director,1,Married,19406,8509,4,No,11,3,3,1,24,4,2,4,2,1,2,0,8
104,31,Travel_Rarely,480,Research & Development,7,2,Medical,2,Female,31,3,2,Manufacturing Director,1,Married,4306,4156,1,No,12,3,2,1,13,5,1,13,10,3,12,0,6
105,43,Travel_Frequently,313,Research & Development,21,3,Medical,4,Male,61,3,1,Laboratory Technician,4,Married,2258,15238,7,No,20,4,1,1,8,1,3,3,2,1,2,1,74
106,41,Travel_Rarely,645,Sales,1,3,Marketing,2,Male,49,4,3,Sales Executive,1,Married,8392,19566,1,No,16,3,3,1,10,2,3,10,7,0,7,0,9
107,52,Travel_Rarely,319,Research & Development,3,3,Medical,4,Male,39,2,3,Manufacturing Director,3,Married,7969,19609,2,Yes,14,3,3,0,28,4,3,5,4,0,4,0,12
108,45,Travel_Rarely,192,Research & Development,10,2,Life Sciences,1,Male,69,3,1,Research Scientist,4,Married,2654,9655,3,No,21,4,4,2,8,3,2,2,2,0,2,0,10
109,52,Travel_Rarely,1490,Research & Development,4,2,Life Sciences,4,Female,30,3,4,Manager,4,Married,16555,10310,2,No,13,3,4,0,31,2,1,5,2,1,4,0,0
110,42,Travel_Frequently,1368,Research & Development,28,4,Technical Degree,4,Female,88,2,2,Healthcare Representative,4,Married,4523,4386,0,No,11,3,4,3,7,4,4,6,5,0,4,0,6
111,19,Travel_Rarely,489,Human Resources,2,2,Technical Degree,1,Male,52,2,1,Human Resources,4,Single,2564,18437,1,No,12,3,3,0,1,3,4,1,0,0,0,1,80
112,57,Travel_Rarely,210,Sales,29,3,Marketing,1,Male,56,2,4,Manager,4,Divorced,14118,22102,3,No,12,3,3,1,32,3,2,1,0,0,0,0,20
113,60,Travel_Frequently,1499,Sales,28,3,Marketing,3,Female,80,2,3,Sales Executive,1,Married,10266,2845,4,No,19,3,4,0,22,5,4,18,13,13,11,0,34
114,47,Travel_Rarely,983,Research & Development,2,2,Medical,1,Female,65,3,2,Manufacturing Director,4,Divorced,5070,7389,5,No,13,3,3,3,20,2,3,5,0,0,4,0,3
115,35,Travel_Rarely,144,Research & Development,22,3,Life Sciences,4,Male,46,1,1,Laboratory Technician,3,Single,4230,19225,0,No,15,3,3,0,6,2,3,5,4,4,3,1,68
116,54,Travel_Rarely,548,Research & Development,8,4,Life Sciences,3,Female,42,3,2,Laboratory Technician,3,Single,3780,23428,7,No,11,3,3,0,19,3,3,1,0,0,0,0,30
117,46,Travel_Rarely,1125,Sales,10,3,Marketing,3,Female,94,2,3,Sales Executive,4,Married,9071,11563,2,Yes,19,3,3,1,15,3,3,3,2,1,2,0,31
118,30,Travel_Rarely,413,Sales,7,1,Marketing,4,Male,57,3,1,Sales Representative,2,Single,2983,18398,0,No,14,3,1,0,4,3,3,3,2,1,2,1,73
119,48,Travel_Rarely,163,Sales,2,5,Marketing,2,Female,37,3,2,Sales Executive,4,Married,4051,19658,2,No,14,3,1,1,14,2,3,9,7,6,7,0,25
120,40,Travel_Rarely,302,Research & Development,6,3,Life Sciences,2,Female,75,3,4,Manufacturing Director,3,Single,13237,20364,7,No,15,3,3,0,22,3,3,20,6,5,13,0,13
121,26,Travel_Rarely,775,Sales,29,2,Medical,1,Male,45,3,2,Sales Executive,3,Divorced,4306,4267,5,No,12,3,1,2,8,5,3,0,0,0,0,0,45
122,32,Non-Travel,1474,Sales,11,4,Other,4,Male,60,4,2,Sales Executive,3,Married,4707,23914,8,No,12,3,4,0,6,2,3,4,2,1,2,0,4
123,38,Travel_Rarely,1495,Research & Development,10,3,Medical,3,Female,76,3,2,Healthcare Representative,3,Married,9824,22174,3,No,19,3,3,1,18,4,3,1,0,0,0,0,2
124,26,Travel_Rarely,703,Sales,28,2,Marketing,1,Male,66,3,2,Sales Executive,2,Married,6272,7428,1,No,20,4,4,2,6,5,4,5,3,1,4,0,19
125,24,Travel_Rarely,823,Research & Development,17,2,Other,4,Male,94,2,1,Laboratory Technician,2,Married,2127,9100,1,No,21,4,4,1,1,2,3,1,0,0,0,0,33
126,50,Travel_Frequently,1246,Human Resources,3,3,Medical,1,Male,99,3,5,Manager,2,Married,18200,7999,1,No,11,3,3,1,32,2,3,32,5,10,7,1,73
127,24,Travel_Frequently,1287,Research & Development,7,3,Life Sciences,1,Female,55,3,1,Laboratory Technician,3,Married,2886,14168,1,Yes,16,3,4,1,6,4,3,6,3,1,2,1,69
128,34,Travel_Rarely,254,Research & Development,1,2,Life Sciences,2,Male,83,2,1,Research Scientist,4,Married,3622,22794,1,Yes,13,3,4,1,6,3,3,6,5,1,3,0,44
129,35,Travel_Rarely,538,Research & Development,25,2,Other,1,Male,54,2,2,Laboratory Technician,4,Single,3681,14004,4,No,14,3,4,0,9,3,3,3,2,0,2,1,62
130,27,Travel_Rarely,798,Research & Development,6,4,Medical,1,Female,66,2,1,Research Scientist,3,Divorced,2187,5013,0,No,12,3,3,2,6,5,2,5,3,0,3,0,7
131,42,Travel_Rarely,622,Research & Development,2,4,Life Sciences,3,Female,81,3,2,Healthcare Representative,4,Married,4089,5718,1,No,13,3,2,2,10,4,3,10,2,2,2,0,5
132,43,Travel_Rarely,782,Research & Development,6,4,Other,2,Male,50,2,4,Research Director,4,Divorced,16627,2671,4,Yes,14,3,3,1,21,3,2,1,0,0,0,0,10
133,38,Travel_Rarely,362,Research & Development,1,1,Life Sciences,3,Female,43,3,1,Research Scientist,1,Single,2619,14561,3,No,17,3,4,0,8,3,2,0,0,0,0,0,15
134,27,Travel_Rarely,1420,Sales,2,1,Marketing,3,Male,85,3,1,Sales Representative,1,Divorced,3041,16346,0,No,11,3,2,1,5,3,3,4,3,0,2,0,44
135,22,Travel_Rarely,604,Research & Development,6,1,Medical,1,Male,69,3,1,Research Scientist,3,Married,2773,12145,0,No,20,4,4,0,3,3,3,2,2,2,2,0,23
136,33,Travel_Rarely,1216,Sales,8,4,Marketing,3,Male,39,3,2,Sales Executive,3,Divorced,7104,20431,0,No,12,3,4,0,6,3,3,5,0,1,2,0,9
137,30,Travel_Frequently,160,Research & Development,3,3,Medical,3,Female,71,3,1,Research Scientist,3,Divorced,2083,22653,1,No,20,4,3,1,1,2,3,1,0,0,0,0,18
138,54,Travel_Rarely,397,Human Resources,19,4,Medical,3,Male,88,3,3,Human Resources,2,Married,10725,6729,2,No,15,3,3,1,16,1,4,9,7,7,1,0,46
139,20,Travel_Rarely,1362,Research & Development,10,1,Medical,4,Male,32,3,1,Research Scientist,3,Single,1009,26999,1,Yes,11,3,4,0,1,5,3,1,0,1,1,0,38
140,35,Non-Travel,727,Research & Development,3,3,Life Sciences,3,Male,41,2,1,Laboratory Technician,3,Married,1281,16900,1,No,18,3,3,2,1,3,3,1,0,0,0,0,9
141,38,Travel_Rarely,243,Sales,7,4,Marketing,4,Female,46,2,2,Sales Executive,4,Single,4028,7791,0,No,20,4,1,0,8,2,3,7,7,0,5,0,17
142,48,Travel_Rarely,817,Sales,2,1,Marketing,2,Male,56,4,2,Sales Executive,2,Married,8120,18597,3,No,12,3,4,0,12,3,3,2,2,2,2,0,14
143,27,Travel_Frequently,1410,Sales,3,1,Medical,4,Female,71,4,2,Sales Executive,4,Divorced,4647,16673,1,Yes,20,4,2,2,6,3,3,6,5,0,4,0,9
144,47,Travel_Rarely,703,Sales,14,4,Marketing,4,Male,42,3,2,Sales Executive,1,Single,4960,11825,2,No,12,3,4,0,20,2,3,7,7,1,7,0,10
145,60,Travel_Rarely,1179,Sales,16,4,Marketing,1,Male,84,3,2,Sales Executive,1,Single,5405,11924,8,No,14,3,4,0,10,1,3,2,2,2,2,1,87
146,30,Travel_Rarely,501,Sales,27,5,Marketing,3,Male,99,3,2,Sales Executive,4,Divorced,5304,25275,7,No,23,4,4,1,10,2,2,8,7,7,7,0,29
147,53,Travel_Rarely,346,Research & Development,6,3,Life Sciences,4,Male,86,3,2,Laboratory Technician,4,Single,2450,10919,2,No,17,3,4,0,19,4,3,2,2,2,2,0,6
148,34,Travel_Rarely,167,Research & Development,8,5,Life Sciences,2,Female,32,3,2,Manufacturing Director,1,Divorced,5121,4187,3,No,14,3,3,1,7,3,3,0,0,0,0,0,13
149,47,Travel_Frequently,719,Sales,27,2,Life Sciences,2,Female,77,4,2,Sales Executive,3,Single,6397,10339,4,Yes,12,3,4,0,8,2,3,5,4,1,3,1,83
150,34,Travel_Rarely,304,Sales,2,3,Other,4,Male,60,3,2,Sales Executive,4,Single,6274,18686,1,No,22,4,3,0,6,5,3,6,5,1,4,0,3
151,29,Travel_Rarely,657,Research & Development,27,3,Medical,2,Female,66,3,2,Healthcare Representative,3,Married,4335,25549,4,No,12,3,1,1,11,3,2,8,7,1,1,0,47
152,26,Travel_Rarely,1146,Sales,8,3,Technical Degree,4,Male,38,2,2,Sales Executive,1,Single,5326,3064,6,No,17,3,3,0,6,2,2,4,3,1,2,1,77
153,37,Travel_Rarely,571,Research & Development,10,1,Life Sciences,4,Female,82,3,1,Research Scientist,1,Divorced,2782,19905,0,Yes,13,3,2,2,6,3,2,5,3,4,3,0,35
154,42,Travel_Frequently,570,Research & Development,8,3,Life Sciences,2,Male,66,3,5,Manager,4,Divorced,18430,16225,1,No,13,3,2,1,24,4,2,24,7,14,9,0,29
155,23,Travel_Rarely,1243,Research & Development,6,3,Life Sciences,3,Male,63,4,1,Laboratory Technician,1,Married,1601,3445,1,Yes,21,4,3,2,1,2,3,0,0,0,0,1,58
156,33,Travel_Rarely,213,Research & Development,7,3,Medical,3,Male,49,3,3,Research Director,3,Married,11691,25995,0,No,11,3,4,0,14,3,4,13,9,3,7,0,2
157,33,Travel_Rarely,118,Sales,16,3,Marketing,1,Female,69,3,2,Sales Executive,1,Single,5324,26507,5,No,15,3,3,0,6,3,3,3,2,0,2,1,78
158,58,Travel_Rarely,286,Research & Development,2,4,Life Sciences,4,Male,31,3,5,Research Director,2,Single,19246,25761,7,Yes,12,3,4,0,40,2,3,31,15,13,8,0,46
159,35,Travel_Rarely,1258,Research & Development,1,4,Life Sciences,4,Female,40,4,1,Research Scientist,3,Single,2506,13301,3,No,13,3,3,0,7,0,3,2,2,2,2,0,7
160,28,Travel_Rarely,890,Research & Development,2,4,Medical,3,Male,46,3,1,Research Scientist,3,Single,4382,16374,6,No,17,3,4,0,5,3,2,2,2,2,1,0,22
161,45,Travel_Rarely,252,Research & Development,2,3,Life Sciences,2,Female,95,2,1,Research Scientist,3,Single,2274,6153,1,No,14,3,4,0,1,3,3,1,0,0,0,0,31
162,42,Travel_Rarely,933,Research & Development,29,3,Life Sciences,2,Male,98,3,2,Manufacturing Director,2,Married,4434,11806,1,No,13,3,4,1,10,3,2,9,8,7,8,0,25
163,34,Travel_Frequently,702,Research & Development,16,4,Life Sciences,3,Female,100,2,1,Research Scientist,4,Single,2553,8306,1,No,16,3,3,0,6,3,3,5,2,1,3,0,32
164,49,Travel_Rarely,1184,Sales,11,3,Marketing,3,Female,43,3,3,Sales Executive,4,Married,7654,5860,1,No,18,3,1,2,9,3,4,9,8,7,7,0,5
165,44,Travel_Rarely,625,Research & Development,4,3,Medical,4,Male,50,3,2,Healthcare Representative,2,Single,5933,5197,9,No,12,3,4,0,10,2,2,5,2,2,3,0,37
166,35,Travel_Rarely,607,Research & Development,9,3,Life Sciences,4,Female,66,2,3,Manufacturing Director,3,Married,10685,23457,1,Yes,20,4,2,1,17,2,3,17,14,5,15,0,8
167,32,Travel_Frequently,379,Sales,5,2,Life Sciences,2,Male,48,3,2,Sales Executive,2,Married,6524,8891,1,No,14,3,4,1,10,3,3,10,8,5,3,0,40
168,42,Travel_Rarely,1265,Research & Development,3,3,Life Sciences,3,Female,95,4,2,Laboratory Technician,4,Married,5231,23726,2,Yes,13,3,2,1,17,1,2,5,3,1,3,0,31
169,53,Travel_Rarely,868,Sales,8,3,Marketing,1,Male,73,3,4,Sales Executive,4,Married,11836,22789,5,No,14,3,3,1,28,3,3,2,0,2,2,0,16
170,33,Travel_Rarely,1075,Human Resources,3,2,Human Resources,4,Male,57,3,1,Human Resources,2,Divorced,2277,22650,3,Yes,11,3,3,1,7,4,4,4,3,0,3,0,38
171,29,Travel_Rarely,1086,Research & Development,7,1,Medical,1,Female,62,2,1,Laboratory Technician,4,Divorced,2532,6054,6,No,14,3,3,3,8,5,3,4,3,0,3,0,10
172,21,Travel_Rarely,1427,Research & Development,18,1,Other,4,Female,65,3,1,Research Scientist,4,Single,2693,8870,1,No,19,3,1,0,1,3,2,1,0,0,0,0,10
173,28,Travel_Rarely,995,Research & Development,9,3,Medical,3,Female,77,3,1,Research Scientist,3,Divorced,2377,9834,5,No,18,3,2,1,6,2,3,2,2,2,2,0,10
174,31,Travel_Rarely,154,Sales,7,4,Life Sciences,2,Male,41,2,1,Sales Representative,3,Married,2329,11737,3,No,15,3,2,0,13,2,4,7,7,5,2,1,86
175,35,Travel_Rarely,1137,Research & Development,21,1,Life Sciences,4,Female,51,3,2,Healthcare Representative,4,Married,4014,19170,1,Yes,25,4,4,1,10,2,1,10,6,0,7,0,8
176,38,Travel_Rarely,1333,Research & Development,1,3,Technical Degree,4,Female,80,3,3,Research Director,1,Married,13582,16292,1,No,13,3,2,1,15,3,3,15,12,5,11,0,2
177,40,Travel_Rarely,658,Sales,10,4,Marketing,1,Male,67,2,3,Sales Executive,2,Divorced,9705,20652,2,No,12,3,2,1,11,2,2,1,0,0,0,1,63
178,26,Travel_Frequently,1283,Sales,1,3,Medical,3,Male,52,2,2,Sales Executive,1,Single,4294,11148,1,No,12,3,2,0,7,2,3,7,7,0,7,1,59
179,19,Travel_Rarely,419,Sales,21,3,Other,4,Male,37,2,1,Sales Representative,2,Single,2121,9947,1,Yes,13,3,2,0,1,3,4,1,0,0,0,1,96
180,40,Non-Travel,1479,Sales,24,3,Life Sciences,2,Female,100,4,4,Sales Executive,2,Single,13194,17071,4,Yes,16,3,4,0,22,2,2,1,0,0,0,0,25
181,36,Non-Travel,1229,Sales,8,4,Technical Degree,1,Male,84,3,2,Sales Executive,4,Divorced,5079,25952,4,No,13,3,4,2,12,3,3,7,7,0,7,0,2
182,50,Travel_Rarely,1126,Research & Development,1,2,Medical,4,Male,66,3,4,Research Director,4,Divorced,17399,6615,9,No,22,4,3,1,32,1,2,5,4,1,3,0,0
183,33,Travel_Frequently,827,Research & Development,1,4,Other,3,Female,84,4,2,Healthcare Representative,2,Married,5488,20161,1,Yes,13,3,1,1,6,2,3,6,5,1,2,1,53
184,47,Travel_Rarely,955,Sales,4,2,Life Sciences,4,Female,83,3,2,Sales Executive,4,Single,4163,8571,1,Yes,17,3,3,0,9,0,3,9,0,0,7,0,43
185,30,Travel_Rarely,138,Research & Development,22,3,Life Sciences,1,Female,48,3,1,Research Scientist,3,Married,2132,11539,4,Yes,11,3,2,0,7,2,3,5,2,0,1,1,89
186,24,Travel_Rarely,1206,Research & Development,17,1,Medical,4,Female,41,2,2,Manufacturing Director,3,Divorced,4377,24117,1,No,15,3,2,2,5,6,3,4,2,3,2,0,3
187,35,Travel_Rarely,622,Research & Development,14,4,Other,3,Male,39,2,1,Laboratory Technician,2,Divorced,3743,10074,1,Yes,24,4,4,1,5,2,1,4,2,0,2,1,60
188,31,Travel_Frequently,853,Research & Development,1,1,Life Sciences,3,Female,96,3,2,Manufacturing Director,1,Married,4148,11275,1,No,12,3,3,1,4,1,3,4,3,0,3,0,28
189,35,Travel_Rarely,583,Research & Development,25,4,Medical,3,Female,57,3,3,Healthcare Representative,3,Divorced,10388,6975,1,Yes,11,3,3,1,16,3,2,16,10,10,1,1,65
190,30,Travel_Frequently,109,Research & Development,5,3,Medical,2,Female,60,3,1,Laboratory Technician,2,Single,2422,25725,0,No,17,3,1,0,4,3,3,3,2,1,2,1,79
191,48,Travel_Rarely,277,Research & Development,6,3,Life Sciences,1,Male,97,2,2,Healthcare Representative,3,Single,4240,13119,2,No,13,3,4,0,19,0,3,2,2,2,2,1,59
192,27,Travel_Rarely,1055,Research & Development,2,4,Life Sciences,1,Female,47,3,2,Manufacturing Director,4,Married,4227,4658,0,No,18,3,2,1,4,2,3,3,2,2,2,0,12
193,55,Travel_Frequently,135,Research & Development,18,4,Medical,3,Male,62,3,2,Healthcare Representative,2,Married,6385,12992,3,Yes,14,3,4,2,17,3,3,8,7,6,7,1,57
194,36,Travel_Rarely,660,Research & Development,15,3,Other,1,Male,81,3,2,Laboratory Technician,3,Divorced,4834,7858,7,No,14,3,2,1,9,3,2,1,0,0,0,1,53
195,28,Travel_Rarely,1144,Sales,10,1,Medical,4,Male,74,3,1,Sales Representative,2,Married,1052,23384,1,No,22,4,2,0,1,5,3,1,0,0,0,1,52
196,38,Travel_Frequently,1186,Research & Development,3,4,Other,3,Male,44,3,1,Research Scientist,3,Married,2821,2997,3,No,16,3,1,1,8,2,3,2,2,2,2,0,20
197,50,Travel_Rarely,1464,Research & Development,2,4,Medical,2,Male,62,3,5,Research Director,3,Married,19237,12853,2,Yes,11,3,4,1,29,2,2,8,1,7,7,0,15
198,37,Travel_Rarely,124,Research & Development,3,3,Other,4,Female,35,3,2,Healthcare Representative,2,Single,4107,13848,3,No,15,3,1,0,8,3,2,4,3,0,1,0,17
199,46,Travel_Rarely,430,Research & Development,1,4,Medical,4,Male,40,3,5,Research Director,4,Divorced,19627,21445,9,No,17,3,4,2,23,0,3,2,2,2,2,0,0
200,26,Travel_Rarely,192,Research & Development,1,2,Medical,1,Male,59,2,1,Laboratory Technician,1,Married,3955,11141,1,No,16,3,1,2,6,2,3,5,3,1,3,1,78
201,41,Travel_Rarely,509,Research & Development,7,2,Technical Degree,2,Female,43,4,1,Research Scientist,3,Married,3376,18863,1,No,13,3,3,0,10,3,3,10,6,0,8,0,5
202,55,Travel_Frequently,1091,Research & Development,2,1,Life Sciences,4,Male,65,3,3,Manufacturing Director,2,Married,10976,15813,3,No,18,3,2,1,23,4,3,3,2,1,2,0,3
203,33,Travel_Frequently,827,Research & Development,29,4,Medical,1,Female,54,2,2,Research Scientist,3,Single,4508,3129,1,No,22,4,2,0,14,4,3,13,7,3,8,1,54
204,28,Travel_Rarely,895,Research & Development,15,2,Life Sciences,1,Male,50,3,1,Laboratory Technician,3,Divorced,2207,22482,1,No,16,3,4,1,4,5,2,4,2,2,2,0,20
205,25,Travel_Rarely,1219,Research & Development,4,1,Technical Degree,4,Male,32,3,1,Laboratory Technician,4,Married,3691,4605,1,Yes,15,3,2,1,7,3,4,7,7,5,6,0,43
206,28,Travel_Frequently,1009,Research & Development,1,3,Medical,1,Male,45,2,1,Laboratory Technician,2,Divorced,2596,7160,1,No,15,3,1,2,1,2,3,1,0,0,0,1,81
207,33,Travel_Frequently,970,Sales,7,3,Life Sciences,4,Female,30,3,2,Sales Executive,2,Married,4302,13401,0,No,17,3,3,1,4,3,3,3,2,0,2,0,10
208,48,Non-Travel,1262,Research & Development,1,4,Medical,1,Male,35,4,4,Manager,4,Single,16885,16154,2,No,22,4,3,0,27,3,2,5,4,2,1,0,1
209,45,Non-Travel,1050,Sales,9,4,Life Sciences,2,Female,65,2,2,Sales Executive,3,Married,5593,17970,1,No,13,3,4,1,15,2,3,15,10,4,12,0,2
210,52,Travel_Rarely,994,Research & Development,7,4,Life Sciences,2,Male,87,3,3,Healthcare Representative,2,Single,10445,15322,7,No,19,3,4,0,18,4,3,8,6,4,0,0,26
211,46,Travel_Rarely,406,Sales,3,1,Marketing,1,Male,52,3,4,Manager,3,Married,17465,15596,3,No,12,3,4,1,23,3,3,12,9,4,9,0,5
212,38,Travel_Rarely,130,Sales,2,2,Marketing,4,Male,32,3,3,Sales Executive,2,Single,7351,20619,7,No,16,3,3,0,10,2,3,1,0,0,0,0,44
213,28,Travel_Rarely,1451,Research & Development,2,1,Life Sciences,1,Male,67,2,1,Research Scientist,2,Married,3201,19911,0,No,17,3,1,0,6,2,1,5,3,0,4,0,49
214,34,Travel_Frequently,1003,Research & Development,2,2,Life Sciences,4,Male,95,3,2,Manufacturing Director,3,Single,4033,15834,2,No,11,3,4,0,5,3,2,3,2,0,2,0,21
215,29,Travel_Rarely,718,Research & Development,8,1,Medical,2,Male,79,2,2,Manufacturing Director,4,Married,5056,17689,1,Yes,15,3,3,1,10,2,2,10,7,1,2,1,71
216,29,Travel_Rarely,408,Sales,23,1,Life Sciences,4,Female,45,2,3,Sales Executive,1,Married,7336,11162,1,No,13,3,1,1,11,3,1,11,8,3,10,0,25
217,28,Travel_Rarely,1485,Research & Development,12,1,Life Sciences,3,Female,79,3,1,Laboratory Technician,4,Married,2515,22955,1,Yes,11,3,4,0,1,4,2,1,1,0,0,0,46
218,40,Travel_Frequently,902,Research & Development,26,2,Medical,3,Female,92,2,2,Research Scientist,4,Married,4422,21203,3,Yes,13,3,4,1,16,3,1,1,1,0,0,1,68
219,45,Travel_Rarely,1457,Research & Development,7,3,Medical,1,Female,83,3,1,Research Scientist,3,Married,4477,20100,4,Yes,19,3,3,1,7,2,2,3,2,0,2,1,56
220,53,Travel_Rarely,1223,Research & Development,7,2,Medical,4,Female,50,3,5,Manager,3,Divorced,18606,18640,3,No,18,3,2,1,26,6,3,7,7,4,7,0,0
221,33,Travel_Rarely,147,Human Resources,2,3,Human Resources,2,Male,99,3,1,Human Resources,3,Married,3600,8429,1,No,13,3,4,1,5,2,3,5,4,1,4,0,34
222,33,Travel_Frequently,1146,Sales,25,3,Medical,2,Female,82,3,2,Sales Executive,3,Married,4539,4905,1,No,12,3,1,1,10,3,2,10,7,0,1,1,61
223,60,Travel_Rarely,696,Sales,7,4,Marketing,2,Male,52,4,2,Sales Executive,4,Divorced,5220,10893,0,Yes,18,3,2,1,12,3,3,11,7,1,9,0,10
224,33,Travel_Rarely,117,Research & Development,9,3,Medical,1,Male,60,3,1,Research Scientist,4,Married,2781,6311,0,No,13,3,2,1,15,5,3,14,10,4,10,0,6
225,30,Travel_Rarely,1465,Research & Development,1,3,Medical,4,Male,63,3,1,Research Scientist,2,Married,3579,9369,0,Yes,21,4,1,1,12,2,3,11,9,5,7,0,29
226,42,Travel_Frequently,458,Research & Development,26,5,Medical,1,Female,60,3,3,Research Director,1,Married,13191,23281,3,Yes,17,3,3,0,20,6,3,1,0,0,0,1,58
227,29,Travel_Rarely,1010,Research & Development,1,3,Life Sciences,1,Female,97,3,1,Research Scientist,4,Divorced,3760,5598,1,No,15,3,1,3,3,5,3,3,2,1,2,0,3
228,31,Travel_Rarely,1062,Research & Development,24,3,Medical,3,Female,96,2,2,Healthcare Representative,1,Single,6812,17198,1,No,19,3,2,0,10,2,3,10,9,1,8,0,26
229,36,Travel_Frequently,469,Research & Development,3,3,Technical Degree,3,Male,46,3,1,Research Scientist,2,Married,3692,9256,1,No,12,3,3,0,12,2,2,11,10,0,7,0,24
230,27,Travel_Rarely,1167,Research & Development,4,2,Life Sciences,1,Male,76,3,1,Research Scientist,3,Divorced,2517,3208,1,No,11,3,2,3,5,2,3,5,3,0,3,0,9
231,33,Travel_Rarely,536,Sales,10,5,Marketing,4,Male,82,4,3,Sales Executive,3,Divorced,8380,21708,0,Yes,14,3,4,2,10,3,3,9,8,0,8,0,3
232,23,Travel_Rarely,373,Research & Development,1,2,Life Sciences,4,Male,47,3,1,Research Scientist,3,Married,1223,16901,1,No,22,4,4,1,1,2,3,1,0,0,1,0,5
233,36,Travel_Rarely,325,Research & Development,10,4,Technical Degree,4,Female,63,3,3,Healthcare Representative,3,Married,7094,5747,3,No,12,3,1,0,10,0,3,7,7,1,7,0,22
234,31,Non-Travel,587,Sales,2,4,Life Sciences,4,Female,57,3,3,Sales Executive,3,Divorced,9852,8935,1,Yes,19,3,1,1,10,5,2,10,8,9,6,0,6
235,44,Travel_Rarely,935,Research & Development,3,3,Life Sciences,1,Male,89,3,1,Laboratory Technician,1,Married,2362,14669,4,No,12,3,3,0,10,4,4,3,2,1,2,1,53
236,41,Travel_Frequently,1018,Sales,1,3,Marketing,3,Female,66,3,2,Sales Executive,1,Divorced,4103,4297,0,No,17,3,4,1,10,2,3,9,3,1,7,0,9
237,38,Travel_Frequently,693,Research & Development,7,3,Life Sciences,4,Male,57,4,1,Research Scientist,3,Divorced,2610,15748,1,No,11,3,4,3,4,2,3,4,2,0,3,0,2
238,51,Travel_Frequently,541,Sales,2,3,Marketing,2,Male,52,3,3,Sales Executive,2,Married,10596,15395,2,No,11,3,2,0,14,5,3,4,2,3,2,0,44
239,41,Travel_Frequently,1200,Research & Development,22,3,Life Sciences,4,Female,75,3,2,Research Scientist,4,Divorced,5467,13953,3,Yes,14,3,1,2,12,4,2,6,2,3,3,0,31
240,32,Travel_Rarely,499,Sales,2,1,Marketing,3,Male,36,3,2,Sales Executive,2,Married,4078,20497,0,Yes,13,3,1,3,4,3,2,3,2,1,2,1,68
241,25,Travel_Rarely,1372,Sales,18,1,Life Sciences,1,Male,93,4,2,Sales Executive,3,Married,6232,12477,2,No,11,3,2,0,6,3,2,3,2,1,2,0,43
242,27,Travel_Rarely,135,Research & Development,17,4,Life Sciences,4,Female,51,3,1,Research Scientist,3,Single,2394,25681,1,Yes,13,3,4,0,8,2,3,8,2,7,7,1,59
243,26,Travel_Rarely,683,Research & Development,2,1,Medical,1,Male,36,2,1,Research Scientist,4,Single,3904,4050,0,No,12,3,4,0,5,2,3,4,3,1,1,0,37
244,36,Travel_Rarely,1174,Sales,3,4,Marketing,1,Female,99,3,2,Sales Executive,2,Single,9278,20763,3,Yes,16,3,4,0,15,3,3,5,4,0,1,1,67
245,34,Travel_Frequently,560,Research & Development,1,4,Other,4,Male,91,3,1,Research Scientist,1,Divorced,2996,20284,5,No,14,3,3,2,10,2,3,4,3,1,3,0,11
246,27,Travel_Rarely,1377,Research & Development,11,1,Life Sciences,2,Male,91,3,1,Laboratory Technician,1,Married,2099,7679,0,No,14,3,2,0,6,3,4,5,0,1,4,0,49
247,36,Travel_Rarely,172,Research & Development,4,4,Life Sciences,1,Male,37,2,2,Laboratory Technician,4,Single,5810,22604,1,No,16,3,3,0,10,2,2,10,4,1,8,0,49
248,47,Travel_Rarely,465,Research & Development,1,3,Technical Degree,1,Male,74,3,1,Research Scientist,4,Married,3420,10205,7,No,12,3,3,1,17,2,2,6,5,1,2,0,43
249,47,Travel_Rarely,359,Research & Development,2,4,Medical,1,Female,82,3,4,Research Director,3,Married,17169,26703,3,No,19,3,2,2,26,2,4,20,17,5,6,0,2
250,39,Non-Travel,592,Research & Development,2,3,Life Sciences,1,Female,54,2,1,Laboratory Technician,1,Single,3646,17181,2,Yes,23,4,2,0,11,2,4,1,0,0,0,1,83
251,28,Travel_Rarely,866,Sales,5,3,Medical,4,Male,84,3,2,Sales Executive,1,Single,8463,23490,0,No,18,3,4,0,6,4,3,5,4,1,3,0,11
252,40,Travel_Rarely,896,Research & Development,2,3,Medical,3,Male,68,3,1,Research Scientist,3,Divorced,2345,8045,2,No,14,3,3,1,8,3,4,3,1,1,2,0,4
253,42,Travel_Frequently,748,Research & Development,9,2,Medical,1,Female,74,3,1,Laboratory Technician,4,Single,3673,16458,1,No,13,3,3,0,12,3,3,12,9,5,8,1,50
254,30,Non-Travel,990,Research & Development,7,3,Technical Degree,3,Male,64,3,1,Research Scientist,3,Divorced,1274,7152,1,No,13,3,2,2,1,2,2,1,0,0,0,0,9
255,49,Travel_Rarely,1490,Research & Development,7,4,Life Sciences,3,Male,35,3,3,Healthcare Representative,2,Divorced,10466,20948,3,No,14,3,2,2,29,3,3,8,7,0,7,0,0
256,35,Travel_Rarely,660,Sales,7,1,Life Sciences,4,Male,76,3,1,Sales Representative,3,Married,2404,16192,1,No,13,3,1,1,1,3,3,1,0,0,0,1,56
257,47,Travel_Rarely,571,Sales,14,3,Medical,3,Female,78,3,2,Sales Executive,3,Married,4591,24200,3,Yes,17,3,3,1,11,4,2,5,4,1,2,0,48
258,39,Travel_Rarely,1089,Research & Development,6,3,Life Sciences,2,Female,32,3,3,Manufacturing Director,2,Single,8376,9150,4,No,18,3,4,0,9,3,3,2,0,2,2,0,14
259,46,Travel_Rarely,228,Sales,3,3,Life Sciences,3,Female,51,3,4,Manager,2,Married,16606,11380,8,No,12,3,4,1,23,2,4,13,12,5,1,0,10
260,23,Travel_Rarely,507,Research & Development,20,1,Life Sciences,1,Male,97,3,2,Laboratory Technician,3,Single,2272,24812,0,No,14,3,2,0,5,2,3,4,3,1,2,1,82
261,40,Travel_Rarely,676,Research & Development,9,4,Life Sciences,4,Male,86,3,1,Laboratory Technician,1,Single,2018,21831,3,No,14,3,2,0,15,3,1,5,4,1,0,1,58
262,50,Travel_Frequently,333,Research & Development,22,5,Medical,3,Male,88,1,4,Research Director,4,Single,14411,24450,1,Yes,13,3,4,0,32,2,3,32,6,13,9,1,97
263,34,Travel_Rarely,1440,Sales,7,2,Technical Degree,2,Male,55,3,1,Sales Representative,3,Married,2308,4944,0,Yes,25,4,2,1,12,4,3,11,10,5,7,1,81
264,42,Travel_Rarely,1210,Research & Development,2,3,Medical,3,Male,68,2,1,Laboratory Technician,2,Married,4841,24052,4,No,14,3,2,1,4,3,3,1,0,0,0,1,54
265,36,Travel_Rarely,1157,Sales,2,4,Life Sciences,3,Male,70,3,1,Sales Representative,4,Single,2644,17001,3,Yes,21,4,4,0,7,3,2,3,2,1,2,1,80
266,30,Travel_Rarely,740,Sales,1,3,Life Sciences,2,Male,64,2,2,Sales Executive,1,Married,9714,5323,1,No,11,3,4,1,10,4,3,10,8,6,7,0,21
267,38,Travel_Frequently,888,Human Resources,10,4,Human Resources,3,Male,71,3,2,Human Resources,3,Married,6077,14814,3,No,11,3,3,0,10,2,3,6,3,1,2,1,65
268,32,Non-Travel,1200,Research & Development,1,4,Technical Degree,4,Male,62,3,2,Research Scientist,1,Married,4087,25174,4,No,14,3,2,1,9,3,2,6,5,1,2,0,10
269,26,Travel_Rarely,474,Research & Development,3,3,Life Sciences,1,Female,89,3,1,Research Scientist,4,Married,2061,11133,1,No,21,4,1,0,1,5,3,1,0,0,0,0,19
270,36,Travel_Rarely,884,Sales,1,4,Life Sciences,2,Female,73,3,2,Sales Executive,3,Single,6815,21447,6,No,13,3,1,0,15,5,3,1,0,0,0,0,30
271,29,Travel_Rarely,1370,Research & Development,3,1,Medical,2,Male,87,3,1,Laboratory Technician,1,Single,4723,16213,1,Yes,18,3,4,0,10,3,3,10,9,1,5,1,66
272,35,Travel_Rarely,670,Research & Development,10,4,Medical,1,Female,51,3,2,Healthcare Representative,3,Single,6142,4223,3,Yes,16,3,3,0,10,4,3,5,2,0,4,1,56
273,36,Travel_Frequently,1302,Research & Development,6,4,Life Sciences,1,Male,80,4,2,Laboratory Technician,1,Married,5562,19711,3,Yes,13,3,4,1,9,3,3,3,2,0,2,1,81
274,34,Travel_Frequently,653,Research & Development,10,4,Technical Degree,4,Male,92,2,2,Healthcare Representative,3,Married,5063,15332,1,No,14,3,2,1,8,3,2,8,2,7,7,1,69
275,46,Travel_Rarely,563,Sales,1,4,Life Sciences,4,Male,56,4,4,Manager,1,Single,17567,3156,1,No,15,3,2,0,27,5,1,26,0,0,12,0,3
276,22,Non-Travel,457,Research & Development,26,2,Other,2,Female,85,2,1,Research Scientist,3,Married,2814,10293,1,Yes,14,3,2,0,4,2,2,4,2,1,3,1,61
277,50,Travel_Frequently,1234,Research & Development,20,5,Medical,2,Male,41,3,4,Healthcare Representative,3,Married,11245,20689,2,Yes,15,3,3,1,32,3,3,30,8,12,13,1,80
278,30,Travel_Rarely,241,Research & Development,7,3,Medical,2,Male,48,2,1,Research Scientist,2,Married,2141,5348,1,No,12,3,2,1,6,3,2,6,4,1,1,1,53
279,34,Travel_Frequently,426,Research & Development,10,4,Life Sciences,3,Male,42,4,2,Manufacturing Director,4,Divorced,4724,17000,1,No,13,3,1,1,9,3,3,9,7,7,2,0,20
280,27,Travel_Rarely,1302,Research & Development,19,3,Other,4,Male,67,2,1,Laboratory Technician,1,Divorced,4066,16290,1,No,11,3,1,2,7,3,3,7,7,0,7,0,10
281,35,Travel_Rarely,819,Research & Development,18,5,Life Sciences,2,Male,48,4,2,Research Scientist,1,Married,5208,26312,1,No,11,3,4,0,16,2,3,16,15,1,10,0,3
282,39,Travel_Rarely,170,Research & Development,3,2,Medical,3,Male,76,2,2,Laboratory Technician,3,Divorced,3069,10302,0,No,15,3,4,1,11,3,3,10,8,0,7,0,5
283,39,Travel_Frequently,711,Research & Development,4,3,Medical,1,Female,81,3,2,Manufacturing Director,3,Single,5042,3140,0,No,13,3,4,0,10,2,1,9,2,3,8,0,46
284,45,Travel_Rarely,1329,Research & Development,2,2,Other,4,Female,59,2,2,Manufacturing Director,4,Divorced,5770,5388,1,No,19,3,1,2,10,3,3,10,7,3,9,0,0
285,35,Travel_Rarely,737,Sales,10,3,Medical,4,Male,55,2,3,Sales Executive,1,Married,10306,21530,9,No,17,3,3,0,15,3,3,13,12,6,0,1,65
286,27,Travel_Rarely,486,Research & Development,8,3,Medical,2,Female,86,4,1,Research Scientist,3,Married,3517,22490,7,No,17,3,1,0,5,0,3,3,2,0,2,0,45
287,49,Travel_Rarely,301,Research & Development,22,4,Other,1,Female,72,3,4,Research Director,2,Married,16413,3498,3,No,16,3,2,2,27,2,3,4,2,1,2,0,4
288,50,Travel_Rarely,813,Research & Development,17,5,Life Sciences,4,Female,50,2,3,Research Director,1,Divorced,13269,21981,5,No,15,3,3,3,19,3,3,14,11,1,11,0,0
289,34,Travel_Rarely,1130,Research & Development,3,3,Life Sciences,4,Female,66,3,2,Research Scientist,2,Divorced,5433,19332,1,No,12,3,3,1,11,2,3,11,8,7,9,0,2
290,49,Travel_Rarely,465,Research & Development,6,1,Life Sciences,3,Female,41,2,4,Healthcare Representative,3,Married,13966,11652,2,Yes,19,3,2,1,30,3,3,15,11,2,12,0,3
291,36,Non-Travel,894,Research & Development,1,4,Medical,4,Female,33,2,2,Manufacturing Director,3,Married,4374,15411,0,No,15,3,3,0,4,6,3,3,2,1,2,0,0
292,36,Travel_Rarely,1040,Research & Development,3,2,Life Sciences,4,Male,79,4,2,Healthcare Representative,1,Divorced,6842,26308,6,No,20,4,1,1,13,3,3,5,4,0,4,0,3
293,54,Travel_Rarely,584,Research & Development,22,5,Medical,2,Female,91,3,4,Manager,3,Married,17426,18685,3,No,25,4,3,1,36,6,3,10,8,4,7,0,0
294,29,Travel_Rarely,991,Sales,5,3,Medical,1,Male,43,2,2,Sales Executive,2,Divorced,4187,3356,1,Yes,13,3,2,1,10,3,2,10,0,0,9,1,78
295,33,Travel_Rarely,392,Sales,2,4,Medical,4,Male,93,3,2,Sales Executive,4,Divorced,5505,3921,1,No,14,3,3,2,6,5,3,6,2,0,4,0,1
296,32,Travel_Rarely,977,Research & Development,2,3,Medical,4,Male,45,3,2,Research Scientist,2,Divorced,5470,25518,0,No,13,3,3,2,10,4,2,9,5,1,6,0,1
297,31,Travel_Rarely,1112,Sales,5,4,Life Sciences,1,Female,67,3,2,Sales Executive,4,Married,5476,22589,1,No,11,3,1,2,10,2,3,10,0,0,2,0,36
298,49,Travel_Rarely,464,Research & Development,16,3,Medical,4,Female,74,3,1,Laboratory Technician,1,Divorced,2587,24941,4,Yes,16,3,2,1,17,2,2,2,2,2,2,1,67
299,47,Travel_Rarely,1225,Sales,2,4,Life Sciences,2,Female,47,4,4,Manager,2,Divorced,15972,21086,6,No,14,3,3,3,29,2,3,3,2,1,2,0,0
300,49,Travel_Rarely,809,Research & Development,1,3,Life Sciences,3,Male,36,3,4,Manager,3,Single,15379,22384,4,No,14,3,1,0,23,2,3,8,7,0,0,0,10
301,20,Travel_Rarely,727,Sales,9,1,Life Sciences,4,Male,54,3,1,Sales Representative,1,Single,2728,21082,1,No,11,3,1,0,2,3,3,2,2,0,2,1,78
302,36,Travel_Rarely,1351,Research & Development,26,4,Life Sciences,1,Male,80,3,2,Healthcare Representative,3,Married,5347,7419,6,No,14,3,2,2,10,2,2,3,2,0,2,0,44
303,34,Travel_Rarely,1157,Research & Development,5,2,Medical,2,Male,57,2,2,Laboratory Technician,4,Married,3986,11912,1,No,14,3,3,1,15,3,4,15,10,4,13,0,8
304,29,Travel_Rarely,1082,Research & Development,9,4,Medical,4,Female,43,3,1,Laboratory Technician,3,Married,2974,25412,9,No,17,3,3,1,9,2,3,5,3,1,2,0,22
305,24,Travel_Rarely,240,Human Resources,22,1,Human Resources,4,Male,58,1,1,Human Resources,3,Married,1555,11585,1,No,11,3,3,1,1,2,3,1,0,0,0,1,78
306,47,Travel_Frequently,1093,Sales,9,3,Life Sciences,3,Male,82,1,4,Sales Executive,3,Married,12936,24164,7,No,11,3,3,0,25,3,1,23,5,14,10,1,94
307,45,Travel_Rarely,1005,Research & Development,28,2,Technical Degree,4,Female,48,2,4,Research Director,2,Single,16704,17119,1,No,11,3,3,0,21,2,3,21,6,8,6,0,46
308,31,Travel_Rarely,741,Research & Development,2,4,Life Sciences,2,Male,69,3,1,Laboratory Technician,3,Married,3477,18103,1,No,14,3,4,1,6,2,4,5,2,0,3,0,16
309,40,Travel_Rarely,369,Research & Development,8,2,Life Sciences,2,Female,92,3,2,Manufacturing Director,1,Married,6516,5041,2,Yes,16,3,2,1,18,3,3,1,0,0,0,1,53
310,39,Non-Travel,792,Research & Development,1,3,Life Sciences,4,Male,77,3,2,Laboratory Technician,4,Married,6472,8989,1,Yes,15,3,4,1,9,2,3,9,8,5,8,0,5
311,29,Travel_Frequently,461,Research & Development,1,3,Life Sciences,4,Male,70,4,2,Healthcare Representative,3,Single,6294,23060,8,Yes,12,3,4,0,10,5,4,3,2,0,2,0,36
312,33,Non-Travel,1283,Sales,2,3,Marketing,4,Female,62,3,2,Sales Executive,2,Single,5147,10697,8,No,15,3,4,0,13,2,2,11,7,1,7,0,4
313,38,Travel_Frequently,594,Research & Development,2,2,Medical,3,Female,75,2,1,Laboratory Technician,2,Married,2468,15963,4,No,14,3,2,1,9,4,2,6,1,0,5,1,54
314,53,Non-Travel,661,Research & Development,1,4,Medical,1,Female,60,2,4,Manufacturing Director,3,Married,12965,22308,4,Yes,20,4,4,3,27,2,2,3,2,0,2,0,8
315,34,Travel_Rarely,511,Sales,3,2,Life Sciences,4,Female,32,1,2,Sales Executive,4,Single,6029,25353,5,No,12,3,1,0,6,3,3,2,2,2,2,1,51
316,21,Travel_Rarely,337,Sales,7,1,Marketing,2,Male,31,3,1,Sales Representative,2,Single,2679,4567,1,No,13,3,2,0,1,3,3,1,0,1,0,1,90
317,22,Travel_Rarely,1294,Research & Development,8,1,Medical,3,Female,79,3,1,Laboratory Technician,1,Married,2398,15999,1,Yes,17,3,3,0,1,6,3,1,0,0,0,1,59
318,44,Travel_Frequently,429,Research & Development,1,2,Medical,3,Male,99,3,1,Research Scientist,2,Divorced,2342,11092,1,Yes,12,3,3,3,6,2,2,5,3,2,3,1,59
319,33,Travel_Rarely,867,Research & Development,8,4,Life Sciences,4,Male,90,4,1,Research Scientist,1,Married,3143,6076,6,No,19,3,2,1,14,1,3,10,8,7,6,0,17
320,39,Travel_Rarely,1253,Research & Development,10,1,Medical,3,Male,65,3,3,Research Director,3,Single,13464,7914,7,No,21,4,3,0,9,3,3,4,3,2,2,0,12
321,40,Travel_Rarely,616,Research & Development,2,2,Life Sciences,3,Female,99,3,1,Laboratory Technician,1,Married,3377,25605,4,No,17,3,4,1,7,5,2,4,3,0,2,0,12
322,38,Non-Travel,1336,Human Resources,2,3,Human Resources,1,Male,100,3,1,Human Resources,2,Divorced,2592,7129,5,No,13,3,4,3,13,3,3,11,10,3,8,0,4
323,34,Travel_Frequently,234,Research & Development,9,4,Life Sciences,4,Male,93,3,2,Laboratory Technician,1,Married,5346,6208,4,No,17,3,3,1,11,3,2,7,1,0,7,0,33
324,37,Travel_Rarely,370,Research & Development,10,4,Medical,4,Male,58,3,2,Manufacturing Director,1,Single,4213,4992,1,No,15,3,2,0,10,4,1,10,3,0,8,0,18
325,40,Travel_Rarely,1194,Research & Development,1,3,Life Sciences,3,Female,52,3,2,Healthcare Representative,4,Divorced,6513,9060,4,No,17,3,4,1,12,3,3,5,3,0,3,0,0
326,34,Travel_Rarely,810,Sales,8,2,Technical Degree,2,Male,92,4,2,Sales Executive,3,Married,6799,22128,1,No,21,4,3,2,10,5,3,10,8,4,8,0,7
327,47,Travel_Rarely,1001,Research & Development,4,3,Life Sciences,3,Female,92,2,3,Manufacturing Director,2,Divorced,10333,19271,8,Yes,12,3,3,1,28,4,3,22,11,14,10,1,59
328,31,Travel_Frequently,1125,Sales,7,4,Marketing,1,Female,68,3,3,Sales Executive,1,Married,9637,8277,2,No,14,3,4,2,9,3,3,3,2,2,2,0,37
329,38,Travel_Rarely,723,Sales,2,4,Marketing,2,Female,77,1,2,Sales Representative,4,Married,5405,4244,2,Yes,20,4,1,2,20,4,2,4,2,0,3,1,82
330,26,Travel_Rarely,572,Sales,10,3,Medical,3,Male,46,3,2,Sales Executive,4,Single,4684,9125,1,No,13,3,1,0,5,4,3,5,3,1,2,0,35
331,58,Travel_Frequently,1216,Research & Development,15,4,Life Sciences,1,Male,87,3,4,Research Director,3,Married,15787,21624,2,Yes,14,3,2,0,23,3,3,2,2,2,2,1,53
332,45,Non-Travel,589,Sales,2,4,Life Sciences,3,Female,67,3,2,Sales Executive,3,Married,5154,19665,4,No,22,4,2,2,10,3,4,8,7,5,7,0,2
333,36,Travel_Rarely,430,Research & Development,2,4,Other,4,Female,73,3,2,Research Scientist,2,Married,6962,19573,4,Yes,22,4,4,1,15,2,3,1,0,0,0,0,13
334,27,Travel_Frequently,1297,Research & Development,5,2,Life Sciences,4,Female,53,3,1,Laboratory Technician,4,Single,2379,19826,0,Yes,14,3,3,0,6,3,2,5,4,0,2,1,53
335,46,Travel_Rarely,1319,Sales,3,3,Technical Degree,1,Female,45,4,4,Sales Executive,1,Divorced,13225,7739,2,No,12,3,4,1,25,5,3,19,17,2,8,0,1
336,39,Travel_Rarely,835,Research & Development,19,4,Other,4,Male,41,3,2,Research Scientist,4,Divorced,3902,5141,8,No,14,3,2,3,7,2,3,2,2,2,2,0,5
337,55,Travel_Rarely,836,Research & Development,2,4,Technical Degree,2,Male,98,2,1,Research Scientist,4,Married,2662,7975,8,No,20,4,2,1,19,2,4,5,2,0,4,0,36
338,31,Travel_Rarely,311,Research & Development,20,3,Life Sciences,2,Male,89,3,2,Laboratory Technician,3,Divorced,4197,18624,1,No,11,3,1,1,10,2,3,10,8,0,2,0,43
339,29,Travel_Rarely,592,Research & Development,7,3,Life Sciences,4,Male,59,3,1,Laboratory Technician,1,Single,2062,19384,3,No,14,3,2,0,11,2,3,3,2,1,2,1,51
340,37,Travel_Rarely,783,Research & Development,7,4,Medical,4,Male,78,3,2,Research Scientist,1,Married,4284,13588,5,Yes,22,4,3,1,16,2,3,5,3,0,4,0,37
341,36,Travel_Frequently,1213,Human Resources,2,1,Human Resources,2,Male,94,2,2,Human Resources,4,Single,3886,4223,1,No,21,4,4,0,10,2,2,10,1,0,8,1,62
342,40,Travel_Rarely,1137,Research & Development,1,4,Life Sciences,1,Male,98,3,4,Manager,1,Divorced,16823,18991,2,No,11,3,1,1,22,3,3,19,7,11,16,0,16
343,26,Travel_Rarely,482,Research & Development,1,2,Life Sciences,2,Female,90,2,1,Research Scientist,3,Married,2933,14908,1,Yes,13,3,3,1,1,3,2,1,0,1,0,1,71
344,48,Travel_Frequently,117,Research & Development,22,3,Medical,4,Female,58,3,4,Manager,4,Divorced,17174,2437,3,No,11,3,2,1,24,3,3,22,17,4,7,0,2
345,44,Travel_Rarely,170,Research & Development,1,4,Life Sciences,2,Male,78,4,2,Healthcare Representative,1,Married,5033,9364,2,No,15,3,4,1,10,5,3,2,0,2,2,0,7
346,36,Travel_Rarely,335,Sales,17,2,Marketing,3,Male,33,2,2,Sales Executive,2,Married,5507,16822,2,No,16,3,3,2,12,1,1,4,2,1,3,0,47
347,34,Travel_Frequently,735,Research & Development,22,4,Other,3,Male,86,2,2,Research Scientist,4,Married,5747,26496,1,Yes,15,3,2,0,16,3,3,15,10,6,11,1,60
348,35,Travel_Rarely,682,Sales,18,4,Medical,2,Male,71,3,2,Sales Executive,1,Married,5561,15975,0,No,16,3,4,1,6,2,1,5,3,0,4,0,39
349,34,Travel_Rarely,937,Sales,1,3,Marketing,1,Male,32,3,3,Sales Executive,4,Single,9888,6770,1,No,21,4,1,0,14,3,2,14,8,2,1,0,48
350,29,Travel_Rarely,136,Research & Development,1,3,Life Sciences,1,Male,89,3,2,Healthcare Representative,1,Married,5373,6225,0,No,12,3,1,1,6,5,2,5,3,0,2,0,38
351,38,Travel_Rarely,1404,Sales,1,3,Life Sciences,1,Male,59,2,1,Sales Representative,1,Single,2858,11473,4,No,14,3,1,0,20,3,2,1,0,0,0,1,93
352,35,Travel_Rarely,1224,Sales,7,4,Life Sciences,3,Female,55,3,2,Sales Executive,4,Married,5204,13586,1,Yes,11,3,4,0,10,2,3,10,8,0,9,0,11
353,53,Travel_Rarely,1168,Sales,24,4,Life Sciences,1,Male,66,3,3,Sales Executive,1,Single,10448,5843,6,Yes,13,3,2,0,15,2,2,2,2,2,2,1,96
354,42,Non-Travel,335,Research & Development,23,2,Life Sciences,4,Male,37,2,2,Research Scientist,3,Single,4332,14811,1,No,12,3,4,0,20,2,3,20,9,3,7,0,6
355,24,Travel_Rarely,771,Research & Development,1,2,Life Sciences,2,Male,45,2,2,Healthcare Representative,3,Single,4617,14120,1,No,12,3,2,0,4,2,2,4,3,1,2,1,55
356,38,Travel_Frequently,508,Research & Development,6,4,Life Sciences,1,Male,72,2,2,Manufacturing Director,3,Married,5321,14284,2,No,11,3,4,1,10,1,3,8,3,7,7,1,73
357,41,Travel_Rarely,642,Research & Development,1,3,Life Sciences,4,Male,76,3,1,Research Scientist,4,Married,2782,21412,3,No,22,4,1,1,12,3,3,5,3,1,0,0,7
358,33,Travel_Rarely,501,Research & Development,15,2,Medical,2,Female,95,3,2,Healthcare Representative,4,Married,4878,21653,0,Yes,13,3,1,1,10,6,3,9,7,8,1,1,69
359,40,Travel_Rarely,543,Research & Development,1,4,Life Sciences,1,Male,83,3,1,Laboratory Technician,4,Married,2406,4060,8,No,19,3,3,2,8,3,2,1,0,0,0,0,42
360,32,Travel_Rarely,801,Sales,1,4,Marketing,3,Female,48,3,3,Sales Executive,4,Married,10422,24032,1,No,19,3,3,2,14,3,3,14,10,5,7,0,2
361,52,Non-Travel,585,Sales,29,4,Life Sciences,1,Male,40,3,1,Sales Representative,4,Divorced,3482,19788,2,No,15,3,2,2,16,3,2,9,8,0,0,0,22
362,56,Non-Travel,667,Research & Development,1,4,Life Sciences,3,Male,57,3,2,Healthcare Representative,3,Divorced,6306,26236,1,No,21,4,1,1,13,2,2,13,12,1,9,0,0
363,56,Travel_Rarely,310,Research & Development,7,2,Technical Degree,4,Male,72,3,1,Laboratory Technician,3,Married,2339,3666,8,No,11,3,4,1,14,4,1,10,9,9,8,0,44
364,34,Travel_Rarely,704,Sales,28,3,Marketing,4,Female,95,2,2,Sales Executive,3,Married,6712,8978,1,No,21,4,4,2,8,2,3,8,7,1,7,0,6
365,41,Travel_Rarely,930,Sales,3,3,Life Sciences,3,Male,57,2,2,Sales Executive,2,Divorced,8938,12227,2,No,11,3,3,1,14,5,3,5,4,0,4,0,3
366,45,Travel_Rarely,374,Sales,20,3,Life Sciences,4,Female,50,3,2,Sales Executive,3,Single,4850,23333,8,No,15,3,3,0,8,3,3,5,3,0,1,0,34
367,29,Travel_Rarely,468,Research & Development,28,4,Medical,4,Female,73,2,1,Research Scientist,1,Single,3785,8489,1,No,14,3,2,0,5,3,1,5,4,0,4,0,43
368,50,Travel_Rarely,410,Sales,28,3,Marketing,4,Male,39,2,3,Sales Executive,1,Divorced,10854,16586,4,Yes,13,3,2,1,20,3,3,3,2,2,0,1,76
369,34,Travel_Rarely,628,Research & Development,8,3,Medical,2,Male,82,4,2,Laboratory Technician,3,Married,4404,10228,2,No,12,3,1,0,6,3,4,4,3,1,2,0,39
